[{"model": "gym.subject", "pk": 1, "fields": {"personal_pronoun": "FPS", "text": "I"}}, {"model": "gym.subject", "pk": 2, "fields": {"personal_pronoun": "FPP", "text": "we"}}, {"model": "gym.subject", "pk": 3, "fields": {"personal_pronoun": "SPS", "text": "you"}}, {"model": "gym.subject", "pk": 4, "fields": {"personal_pronoun": "SPP", "text": "you"}}, {"model": "gym.subject", "pk": 5, "fields": {"personal_pronoun": "TPS", "text": "he"}}, {"model": "gym.subject", "pk": 6, "fields": {"personal_pronoun": "TPS", "text": "she"}}, {"model": "gym.subject", "pk": 8, "fields": {"personal_pronoun": "TPP", "text": "they"}}, {"model": "gym.template", "pk": 1, "fields": {"sentence_type": "POS", "tense": "PRT_SMP", "text": "<subject> <phrase>."}}, {"model": "gym.template", "pk": 2, "fields": {"sentence_type": "NEG", "tense": "PRT_SMP", "text": "<subject> <paverb> not <phrase-base>."}}, {"model": "gym.template", "pk": 3, "fields": {"sentence_type": "QUE", "tense": "PRT_SMP", "text": "<paverb> <subject> <phrase-base>?"}}, {"model": "gym.template", "pk": 4, "fields": {"sentence_type": "POS", "tense": "PRT_CON", "text": "<subject> <beverb> <phrase-prpa>."}}, {"model": "gym.template", "pk": 5, "fields": {"sentence_type": "NEG", "tense": "PRT_CON", "text": "<subject> <beverb> not <phrase-prpa>."}}, {"model": "gym.template", "pk": 6, "fields": {"sentence_type": "QUE", "tense": "PRT_CON", "text": "<beverb> <subject> <phrase-prpa>?"}}, {"model": "gym.template", "pk": 7, "fields": {"sentence_type": "POS", "tense": "PST_SMP", "text": "<subject> <phrase-pasm>."}}, {"model": "gym.template", "pk": 8, "fields": {"sentence_type": "NEG", "tense": "PST_SMP", "text": "<subject> <paverb> not <phrase-base>."}}, {"model": "gym.template", "pk": 9, "fields": {"sentence_type": "QUE", "tense": "PST_SMP", "text": "<paverb> <subject> <phrase-base>?"}}, {"model": "gym.template", "pk": 10, "fields": {"sentence_type": "POS", "tense": "FTR_SMP", "text": "<subject> <beverb> going to <phrase-base>."}}, {"model": "gym.template", "pk": 11, "fields": {"sentence_type": "NEG", "tense": "FTR_SMP", "text": "<subject> <beverb> not going to <phrase-base>."}}, {"model": "gym.template", "pk": 12, "fields": {"sentence_type": "QUE", "tense": "FTR_SMP", "text": "<beverb> <subject> going to <phrase-base>?"}}, {"model": "gym.phrasegroup", "pk": 27, "fields": {"name": "go home"}}, {"model": "gym.phrasegroup", "pk": 28, "fields": {"name": "go to work"}}, {"model": "gym.phrasegroup", "pk": 29, "fields": {"name": "go out"}}, {"model": "gym.phrase", "pk": 131, "fields": {"english": "go home", "japanese": "家に帰る"}}, {"model": "gym.phrase", "pk": 132, "fields": {"english": "going home", "japanese": ""}}, {"model": "gym.phrase", "pk": 133, "fields": {"english": "went home", "japanese": ""}}, {"model": "gym.phrase", "pk": 134, "fields": {"english": "gone home", "japanese": ""}}, {"model": "gym.phrase", "pk": 135, "fields": {"english": "goes home", "japanese": ""}}, {"model": "gym.phrase", "pk": 136, "fields": {"english": "go to work", "japanese": "会社に行く"}}, {"model": "gym.phrase", "pk": 137, "fields": {"english": "going to work", "japanese": ""}}, {"model": "gym.phrase", "pk": 138, "fields": {"english": "went to work", "japanese": ""}}, {"model": "gym.phrase", "pk": 139, "fields": {"english": "gone to work", "japanese": ""}}, {"model": "gym.phrase", "pk": 140, "fields": {"english": "goes to work", "japanese": ""}}, {"model": "gym.phrase", "pk": 141, "fields": {"english": "go out", "japanese": "遊びに行く・出かける"}}, {"model": "gym.phrase", "pk": 142, "fields": {"english": "going out", "japanese": ""}}, {"model": "gym.phrase", "pk": 143, "fields": {"english": "went out", "japanese": ""}}, {"model": "gym.phrase", "pk": 144, "fields": {"english": "gone out", "japanese": ""}}, {"model": "gym.phrase", "pk": 145, "fields": {"english": "goes out", "japanese": ""}}, {"model": "gym.phrasebase", "pk": 131, "fields": {"verb_form": "BASE", "phrase_group": 27}}, {"model": "gym.phrasebase", "pk": 136, "fields": {"verb_form": "BASE", "phrase_group": 28}}, {"model": "gym.phrasebase", "pk": 141, "fields": {"verb_form": "BASE", "phrase_group": 29}}, {"model": "gym.phrasepastsimple", "pk": 133, "fields": {"verb_form": "PASM", "phrase_group": 27}}, {"model": "gym.phrasepastsimple", "pk": 138, "fields": {"verb_form": "PASM", "phrase_group": 28}}, {"model": "gym.phrasepastsimple", "pk": 143, "fields": {"verb_form": "PASM", "phrase_group": 29}}, {"model": "gym.phrasepastparticiple", "pk": 134, "fields": {"verb_form": "PRPA", "phrase_group": 27}}, {"model": "gym.phrasepastparticiple", "pk": 139, "fields": {"verb_form": "PRPA", "phrase_group": 28}}, {"model": "gym.phrasepastparticiple", "pk": 144, "fields": {"verb_form": "PRPA", "phrase_group": 29}}, {"model": "gym.phrasepresentparticiple", "pk": 132, "fields": {"verb_form": "PRPA", "phrase_group": 27}}, {"model": "gym.phrasepresentparticiple", "pk": 137, "fields": {"verb_form": "PRPA", "phrase_group": 28}}, {"model": "gym.phrasepresentparticiple", "pk": 142, "fields": {"verb_form": "PRPA", "phrase_group": 29}}, {"model": "gym.phrasethirdpersonsingular", "pk": 135, "fields": {"verb_form": "THPS", "phrase_group": 27}}, {"model": "gym.phrasethirdpersonsingular", "pk": 140, "fields": {"verb_form": "THPS", "phrase_group": 28}}, {"model": "gym.phrasethirdpersonsingular", "pk": 145, "fields": {"verb_form": "THPS", "phrase_group": 29}}, {"model": "gym.beverb", "pk": 1, "fields": {"personal_pronoun": "FPS", "tense": "PRT_SMP", "text": "am"}}, {"model": "gym.beverb", "pk": 2, "fields": {"personal_pronoun": "FPS", "tense": "PRT_CON", "text": "am"}}, {"model": "gym.beverb", "pk": 3, "fields": {"personal_pronoun": "FPS", "tense": "PST_SMP", "text": "was"}}, {"model": "gym.beverb", "pk": 4, "fields": {"personal_pronoun": "FPS", "tense": "FTR_SMP", "text": "am"}}, {"model": "gym.beverb", "pk": 5, "fields": {"personal_pronoun": "FPP", "tense": "PRT_SMP", "text": "are"}}, {"model": "gym.beverb", "pk": 6, "fields": {"personal_pronoun": "FPP", "tense": "PRT_CON", "text": "are"}}, {"model": "gym.beverb", "pk": 7, "fields": {"personal_pronoun": "FPP", "tense": "PST_SMP", "text": "were"}}, {"model": "gym.beverb", "pk": 8, "fields": {"personal_pronoun": "FPP", "tense": "FTR_SMP", "text": "are"}}, {"model": "gym.beverb", "pk": 9, "fields": {"personal_pronoun": "SPS", "tense": "PRT_SMP", "text": "are"}}, {"model": "gym.beverb", "pk": 10, "fields": {"personal_pronoun": "SPS", "tense": "PRT_CON", "text": "are"}}, {"model": "gym.beverb", "pk": 11, "fields": {"personal_pronoun": "SPS", "tense": "PST_SMP", "text": "were"}}, {"model": "gym.beverb", "pk": 12, "fields": {"personal_pronoun": "SPS", "tense": "FTR_SMP", "text": "are"}}, {"model": "gym.beverb", "pk": 13, "fields": {"personal_pronoun": "SPP", "tense": "PRT_SMP", "text": "are"}}, {"model": "gym.beverb", "pk": 14, "fields": {"personal_pronoun": "SPP", "tense": "PRT_CON", "text": "are"}}, {"model": "gym.beverb", "pk": 15, "fields": {"personal_pronoun": "SPP", "tense": "PST_SMP", "text": "were"}}, {"model": "gym.beverb", "pk": 16, "fields": {"personal_pronoun": "SPP", "tense": "FTR_SMP", "text": "are"}}, {"model": "gym.beverb", "pk": 17, "fields": {"personal_pronoun": "TPS", "tense": "PRT_SMP", "text": "is"}}, {"model": "gym.beverb", "pk": 18, "fields": {"personal_pronoun": "TPS", "tense": "PRT_CON", "text": "is"}}, {"model": "gym.beverb", "pk": 19, "fields": {"personal_pronoun": "TPS", "tense": "PST_SMP", "text": "was"}}, {"model": "gym.beverb", "pk": 20, "fields": {"personal_pronoun": "TPS", "tense": "FTR_SMP", "text": "is"}}, {"model": "gym.beverb", "pk": 21, "fields": {"personal_pronoun": "TPP", "tense": "PRT_SMP", "text": "are"}}, {"model": "gym.beverb", "pk": 22, "fields": {"personal_pronoun": "TPP", "tense": "PRT_CON", "text": "are"}}, {"model": "gym.beverb", "pk": 23, "fields": {"personal_pronoun": "TPP", "tense": "PST_SMP", "text": "were"}}, {"model": "gym.beverb", "pk": 24, "fields": {"personal_pronoun": "TPP", "tense": "FTR_SMP", "text": "are"}}, {"model": "gym.paverb", "pk": 1, "fields": {"personal_pronoun": "FPS", "tense": "PRT_SMP", "text": "do"}}, {"model": "gym.paverb", "pk": 3, "fields": {"personal_pronoun": "FPS", "tense": "PST_SMP", "text": "did"}}, {"model": "gym.paverb", "pk": 4, "fields": {"personal_pronoun": "FPP", "tense": "PRT_SMP", "text": "do"}}, {"model": "gym.paverb", "pk": 5, "fields": {"personal_pronoun": "FPP", "tense": "PST_SMP", "text": "did"}}, {"model": "gym.paverb", "pk": 6, "fields": {"personal_pronoun": "SPS", "tense": "FTR_SMP", "text": "-"}}, {"model": "gym.paverb", "pk": 7, "fields": {"personal_pronoun": "SPS", "tense": "PST_SMP", "text": "did"}}, {"model": "gym.paverb", "pk": 8, "fields": {"personal_pronoun": "SPP", "tense": "PRT_SMP", "text": "do"}}, {"model": "gym.paverb", "pk": 9, "fields": {"personal_pronoun": "SPP", "tense": "PST_SMP", "text": "did"}}, {"model": "gym.paverb", "pk": 10, "fields": {"personal_pronoun": "TPS", "tense": "PRT_SMP", "text": "does"}}, {"model": "gym.paverb", "pk": 11, "fields": {"personal_pronoun": "TPS", "tense": "PST_SMP", "text": "did"}}, {"model": "gym.paverb", "pk": 13, "fields": {"personal_pronoun": "TPP", "tense": "PST_SMP", "text": "did"}}, {"model": "gym.paverb", "pk": 14, "fields": {"personal_pronoun": "FPS", "tense": "PRT_CON", "text": "-"}}, {"model": "gym.paverb", "pk": 15, "fields": {"personal_pronoun": "FPS", "tense": "FTR_SMP", "text": "-"}}, {"model": "gym.paverb", "pk": 16, "fields": {"personal_pronoun": "FPP", "tense": "PRT_CON", "text": "-"}}, {"model": "gym.paverb", "pk": 17, "fields": {"personal_pronoun": "FPP", "tense": "FTR_SMP", "text": "-"}}, {"model": "gym.paverb", "pk": 18, "fields": {"personal_pronoun": "SPS", "tense": "PRT_SMP", "text": "do"}}, {"model": "gym.paverb", "pk": 19, "fields": {"personal_pronoun": "TPP", "tense": "FTR_SMP", "text": "-"}}, {"model": "gym.paverb", "pk": 20, "fields": {"personal_pronoun": "SPP", "tense": "PRT_CON", "text": "-"}}, {"model": "gym.paverb", "pk": 21, "fields": {"personal_pronoun": "SPP", "tense": "FTR_SMP", "text": "-"}}, {"model": "gym.paverb", "pk": 22, "fields": {"personal_pronoun": "TPS", "tense": "FTR_SMP", "text": "-"}}, {"model": "gym.paverb", "pk": 23, "fields": {"personal_pronoun": "TPP", "tense": "PRT_SMP", "text": "do"}}, {"model": "gym.paverb", "pk": 24, "fields": {"personal_pronoun": "SPS", "tense": "PRT_CON", "text": "-"}}, {"model": "gym.paverb", "pk": 25, "fields": {"personal_pronoun": "TPS", "tense": "PRT_CON", "text": "-"}}, {"model": "gym.paverb", "pk": 26, "fields": {"personal_pronoun": "TPP", "tense": "PRT_CON", "text": "-"}}]